<?xml version="1.0" encoding="UTF-8"?>
<project version="4">
  <component name="CodeInsightSettings">
    <option name="AUTO_POPUP_COMPLETION_LOOKUP" value="false" />
    <option name="AUTO_POPUP_JAVADOC_INFO" value="false" />
    <option name="SHOW_PARAMETER_NAME_HINTS" value="false" />
    <option name="SHOW_FULL_SIGNATURES_IN_PARAMETER_INFO" value="false" />
    <option name="SMART_TYPE_COMPLETION" value="false" />
    <option name="AUTO_POPUP_PARAMETER_INFO" value="false" />
  </component>
</project>
