<application>
  <component name="CodeInsightSettings">
    <option name="completionCaseSensitive" value="2" />
    <option name="AUTO_POPUP_JAVADOC_INFO" value="true" />
    <option name="AUTO_POPUP_COMPLETION_LOOKUP" value="false" />
    <option name="COMPLETION_CASE_SENSITIVE" value="2" />
    <option name="AUTOCOMPLETE_ON_CODE_COMPLETION" value="false" />
    <option name="AUTOCOMPLETE_ON_SMART_TYPE_COMPLETION" value="false" />
  </component>
  <component name="EditorSettings">
    <option name="INSERT_PARENTHESES_AUTOMATICALLY" value="false" />
  </component>
</application>